config_id,intersection_id,effective_start_ts,effective_end_ts,signal_phase,duration_sec
CFG_00001,INT_002,2023-01-01 12:49:00,2023-01-01 12:50:00,green,60
CFG_00002,INT_002,2023-01-01 12:50:00,2023-01-01 12:50:05,yellow,5
CFG_00003,INT_002,2023-01-01 12:50:05,2023-01-01 12:51:35,red,90
CFG_00004,INT_005,2023-01-04 00:52:00,2023-01-04 00:53:00,green,60
CFG_00005,INT_005,2023-01-04 00:53:00,2023-01-04 00:53:05,yellow,5
CFG_00006,INT_005,2023-01-04 00:53:05,2023-01-04 00:54:35,red,90
CFG_00007,INT_004,2023-01-02 20:06:00,2023-01-02 20:07:00,green,60
CFG_00008,INT_004,2023-01-02 20:07:00,2023-01-02 20:07:05,yellow,5
CFG_00009,INT_004,2023-01-02 20:07:05,2023-01-02 20:08:35,red,90
CFG_00010,INT_002,2023-01-07 10:55:00,2023-01-07 10:56:00,green,60
CFG_00011,INT_002,2023-01-07 10:56:00,2023-01-07 10:56:05,yellow,5
CFG_00012,INT_002,2023-01-07 10:56:05,2023-01-07 10:57:35,red,90
CFG_00013,INT_002,2023-01-07 23:14:00,2023-01-07 23:15:00,green,60
CFG_00014,INT_002,2023-01-07 23:15:00,2023-01-07 23:15:05,yellow,5
CFG_00015,INT_002,2023-01-07 23:15:05,2023-01-07 23:16:35,red,90
CFG_00016,INT_007,2023-01-01 14:40:00,2023-01-01 14:41:00,green,60
CFG_00017,INT_007,2023-01-01 14:41:00,2023-01-01 14:41:05,yellow,5
CFG_00018,INT_007,2023-01-01 14:41:05,2023-01-01 14:42:35,red,90
CFG_00019,INT_001,2023-01-02 07:35:00,2023-01-02 07:36:00,green,60
CFG_00020,INT_001,2023-01-02 07:36:00,2023-01-02 07:36:05,yellow,5
CFG_00021,INT_001,2023-01-02 07:36:05,2023-01-02 07:37:35,red,90
CFG_00022,INT_004,2023-01-03 21:31:00,2023-01-03 21:32:00,green,60
CFG_00023,INT_004,2023-01-03 21:32:00,2023-01-03 21:32:05,yellow,5
CFG_00024,INT_004,2023-01-03 21:32:05,2023-01-03 21:33:35,red,90
CFG_00025,INT_009,2023-01-08 02:23:00,2023-01-08 02:24:00,green,60
CFG_00026,INT_009,2023-01-08 02:24:00,2023-01-08 02:24:05,yellow,5
CFG_00027,INT_009,2023-01-08 02:24:05,2023-01-08 02:25:35,red,90
CFG_00028,INT_001,2023-01-07 15:15:00,2023-01-07 15:16:00,green,60
CFG_00029,INT_001,2023-01-07 15:16:00,2023-01-07 15:16:05,yellow,5
CFG_00030,INT_001,2023-01-07 15:16:05,2023-01-07 15:17:35,red,90
CFG_00031,INT_004,2023-01-07 10:48:00,2023-01-07 10:49:00,green,60
CFG_00032,INT_004,2023-01-07 10:49:00,2023-01-07 10:49:05,yellow,5
CFG_00033,INT_004,2023-01-07 10:49:05,2023-01-07 10:50:35,red,90
CFG_00034,INT_007,2023-01-03 18:11:00,2023-01-03 18:12:00,green,60
CFG_00035,INT_007,2023-01-03 18:12:00,2023-01-03 18:12:05,yellow,5
CFG_00036,INT_007,2023-01-03 18:12:05,2023-01-03 18:13:35,red,90
CFG_00037,INT_008,2023-01-07 22:54:00,2023-01-07 22:55:00,green,60
CFG_00038,INT_008,2023-01-07 22:55:00,2023-01-07 22:55:05,yellow,5
CFG_00039,INT_008,2023-01-07 22:55:05,2023-01-07 22:56:35,red,90
CFG_00040,INT_005,2023-01-01 07:46:00,2023-01-01 07:47:00,green,60
CFG_00041,INT_005,2023-01-01 07:47:00,2023-01-01 07:47:05,yellow,5
CFG_00042,INT_005,2023-01-01 07:47:05,2023-01-01 07:48:35,red,90
CFG_00043,INT_003,2023-01-06 01:24:00,2023-01-06 01:25:00,green,60
CFG_00044,INT_003,2023-01-06 01:25:00,2023-01-06 01:25:05,yellow,5
CFG_00045,INT_003,2023-01-06 01:25:05,2023-01-06 01:26:35,red,90
CFG_00046,INT_006,2023-01-04 09:52:00,2023-01-04 09:53:00,green,60
CFG_00047,INT_006,2023-01-04 09:53:00,2023-01-04 09:53:05,yellow,5
CFG_00048,INT_006,2023-01-04 09:53:05,2023-01-04 09:54:35,red,90
CFG_00049,INT_003,2023-01-03 16:47:00,2023-01-03 16:48:00,green,60
CFG_00050,INT_003,2023-01-03 16:48:00,2023-01-03 16:48:05,yellow,5
CFG_00051,INT_003,2023-01-03 16:48:05,2023-01-03 16:49:35,red,90
CFG_00052,INT_006,2023-01-02 09:54:00,2023-01-02 09:55:00,green,60
CFG_00053,INT_006,2023-01-02 09:55:00,2023-01-02 09:55:05,yellow,5
CFG_00054,INT_006,2023-01-02 09:55:05,2023-01-02 09:56:35,red,90
CFG_00055,INT_002,2023-01-05 13:44:00,2023-01-05 13:45:00,green,60
CFG_00056,INT_002,2023-01-05 13:45:00,2023-01-05 13:45:05,yellow,5
CFG_00057,INT_002,2023-01-05 13:45:05,2023-01-05 13:46:35,red,90
CFG_00058,INT_002,2023-01-05 08:01:00,2023-01-05 08:02:00,green,60
CFG_00059,INT_002,2023-01-05 08:02:00,2023-01-05 08:02:05,yellow,5
CFG_00060,INT_002,2023-01-05 08:02:05,2023-01-05 08:03:35,red,90
CFG_00061,INT_006,2023-01-08 02:51:00,2023-01-08 02:52:00,green,60
CFG_00062,INT_006,2023-01-08 02:52:00,2023-01-08 02:52:05,yellow,5
CFG_00063,INT_006,2023-01-08 02:52:05,2023-01-08 02:53:35,red,90
CFG_00064,INT_005,2023-01-01 17:51:00,2023-01-01 17:52:00,green,60
CFG_00065,INT_005,2023-01-01 17:52:00,2023-01-01 17:52:05,yellow,5
CFG_00066,INT_005,2023-01-01 17:52:05,2023-01-01 17:53:35,red,90
CFG_00067,INT_008,2023-01-07 08:25:00,2023-01-07 08:26:00,green,60
CFG_00068,INT_008,2023-01-07 08:26:00,2023-01-07 08:26:05,yellow,5
CFG_00069,INT_008,2023-01-07 08:26:05,2023-01-07 08:27:35,red,90
CFG_00070,INT_002,2023-01-05 13:21:00,2023-01-05 13:22:00,green,60
CFG_00071,INT_002,2023-01-05 13:22:00,2023-01-05 13:22:05,yellow,5
CFG_00072,INT_002,2023-01-05 13:22:05,2023-01-05 13:23:35,red,90
CFG_00073,INT_002,2023-01-07 12:44:00,2023-01-07 12:45:00,green,60
CFG_00074,INT_002,2023-01-07 12:45:00,2023-01-07 12:45:05,yellow,5
CFG_00075,INT_002,2023-01-07 12:45:05,2023-01-07 12:46:35,red,90
CFG_00076,INT_005,2023-01-05 08:45:00,2023-01-05 08:46:00,green,60
CFG_00077,INT_005,2023-01-05 08:46:00,2023-01-05 08:46:05,yellow,5
CFG_00078,INT_005,2023-01-05 08:46:05,2023-01-05 08:47:35,red,90
CFG_00079,INT_010,2023-01-03 10:30:00,2023-01-03 10:31:00,green,60
CFG_00080,INT_010,2023-01-03 10:31:00,2023-01-03 10:31:05,yellow,5
CFG_00081,INT_010,2023-01-03 10:31:05,2023-01-03 10:32:35,red,90
CFG_00082,INT_002,2023-01-01 18:30:00,2023-01-01 18:31:00,green,60
CFG_00083,INT_002,2023-01-01 18:31:00,2023-01-01 18:31:05,yellow,5
CFG_00084,INT_002,2023-01-01 18:31:05,2023-01-01 18:32:35,red,90
CFG_00085,INT_004,2023-01-04 13:01:00,2023-01-04 13:02:00,green,60
CFG_00086,INT_004,2023-01-04 13:02:00,2023-01-04 13:02:05,yellow,5
CFG_00087,INT_004,2023-01-04 13:02:05,2023-01-04 13:03:35,red,90
CFG_00088,INT_002,2023-01-03 21:34:00,2023-01-03 21:35:00,green,60
CFG_00089,INT_002,2023-01-03 21:35:00,2023-01-03 21:35:05,yellow,5
CFG_00090,INT_002,2023-01-03 21:35:05,2023-01-03 21:36:35,red,90
CFG_00091,INT_002,2023-01-05 13:47:00,2023-01-05 13:48:00,green,60
CFG_00092,INT_002,2023-01-05 13:48:00,2023-01-05 13:48:05,yellow,5
CFG_00093,INT_002,2023-01-05 13:48:05,2023-01-05 13:49:35,red,90
CFG_00094,INT_005,2023-01-06 09:48:00,2023-01-06 09:49:00,green,60
CFG_00095,INT_005,2023-01-06 09:49:00,2023-01-06 09:49:05,yellow,5
CFG_00096,INT_005,2023-01-06 09:49:05,2023-01-06 09:50:35,red,90
CFG_00097,INT_006,2023-01-03 02:24:00,2023-01-03 02:25:00,green,60
CFG_00098,INT_006,2023-01-03 02:25:00,2023-01-03 02:25:05,yellow,5
CFG_00099,INT_006,2023-01-03 02:25:05,2023-01-03 02:26:35,red,90
CFG_00100,INT_006,2023-01-05 07:00:00,2023-01-05 07:01:00,green,60
CFG_00101,INT_006,2023-01-05 07:01:00,2023-01-05 07:01:05,yellow,5
CFG_00102,INT_006,2023-01-05 07:01:05,2023-01-05 07:02:35,red,90
CFG_00103,INT_004,2023-01-04 06:54:00,2023-01-04 06:55:00,green,60
CFG_00104,INT_004,2023-01-04 06:55:00,2023-01-04 06:55:05,yellow,5
CFG_00105,INT_004,2023-01-04 06:55:05,2023-01-04 06:56:35,red,90
CFG_00106,INT_002,2023-01-08 04:20:00,2023-01-08 04:21:00,green,60
CFG_00107,INT_002,2023-01-08 04:21:00,2023-01-08 04:21:05,yellow,5
CFG_00108,INT_002,2023-01-08 04:21:05,2023-01-08 04:22:35,red,90
CFG_00109,INT_003,2023-01-07 07:51:00,2023-01-07 07:52:00,green,60
CFG_00110,INT_003,2023-01-07 07:52:00,2023-01-07 07:52:05,yellow,5
CFG_00111,INT_003,2023-01-07 07:52:05,2023-01-07 07:53:35,red,90
CFG_00112,INT_004,2023-01-03 02:37:00,2023-01-03 02:38:00,green,60
CFG_00113,INT_004,2023-01-03 02:38:00,2023-01-03 02:38:05,yellow,5
CFG_00114,INT_004,2023-01-03 02:38:05,2023-01-03 02:39:35,red,90
CFG_00115,INT_008,2023-01-05 13:36:00,2023-01-05 13:37:00,green,60
CFG_00116,INT_008,2023-01-05 13:37:00,2023-01-05 13:37:05,yellow,5
CFG_00117,INT_008,2023-01-05 13:37:05,2023-01-05 13:38:35,red,90
CFG_00118,INT_005,2023-01-07 14:05:00,2023-01-07 14:06:00,green,60
CFG_00119,INT_005,2023-01-07 14:06:00,2023-01-07 14:06:05,yellow,5
CFG_00120,INT_005,2023-01-07 14:06:05,2023-01-07 14:07:35,red,90
CFG_00121,INT_004,2023-01-04 22:33:00,2023-01-04 22:34:00,green,60
CFG_00122,INT_004,2023-01-04 22:34:00,2023-01-04 22:34:05,yellow,5
CFG_00123,INT_004,2023-01-04 22:34:05,2023-01-04 22:35:35,red,90
CFG_00124,INT_001,2023-01-03 20:32:00,2023-01-03 20:33:00,green,60
CFG_00125,INT_001,2023-01-03 20:33:00,2023-01-03 20:33:05,yellow,5
CFG_00126,INT_001,2023-01-03 20:33:05,2023-01-03 20:34:35,red,90
CFG_00127,INT_001,2023-01-04 20:08:00,2023-01-04 20:09:00,green,60
CFG_00128,INT_001,2023-01-04 20:09:00,2023-01-04 20:09:05,yellow,5
CFG_00129,INT_001,2023-01-04 20:09:05,2023-01-04 20:10:35,red,90
CFG_00130,INT_007,2023-01-04 07:06:00,2023-01-04 07:07:00,green,60
CFG_00131,INT_007,2023-01-04 07:07:00,2023-01-04 07:07:05,yellow,5
CFG_00132,INT_007,2023-01-04 07:07:05,2023-01-04 07:08:35,red,90
CFG_00133,INT_002,2023-01-03 15:36:00,2023-01-03 15:37:00,green,60
CFG_00134,INT_002,2023-01-03 15:37:00,2023-01-03 15:37:05,yellow,5
CFG_00135,INT_002,2023-01-03 15:37:05,2023-01-03 15:38:35,red,90
CFG_00136,INT_010,2023-01-04 19:55:00,2023-01-04 19:56:00,green,60
CFG_00137,INT_010,2023-01-04 19:56:00,2023-01-04 19:56:05,yellow,5
CFG_00138,INT_010,2023-01-04 19:56:05,2023-01-04 19:57:35,red,90
CFG_00139,INT_004,2023-01-06 22:19:00,2023-01-06 22:20:00,green,60
CFG_00140,INT_004,2023-01-06 22:20:00,2023-01-06 22:20:05,yellow,5
CFG_00141,INT_004,2023-01-06 22:20:05,2023-01-06 22:21:35,red,90
CFG_00142,INT_007,2023-01-06 11:17:00,2023-01-06 11:18:00,green,60
CFG_00143,INT_007,2023-01-06 11:18:00,2023-01-06 11:18:05,yellow,5
CFG_00144,INT_007,2023-01-06 11:18:05,2023-01-06 11:19:35,red,90
CFG_00145,INT_003,2023-01-04 06:19:00,2023-01-04 06:20:00,green,60
CFG_00146,INT_003,2023-01-04 06:20:00,2023-01-04 06:20:05,yellow,5
CFG_00147,INT_003,2023-01-04 06:20:05,2023-01-04 06:21:35,red,90
CFG_00148,INT_003,2023-01-04 01:20:00,2023-01-04 01:21:00,green,60
CFG_00149,INT_003,2023-01-04 01:21:00,2023-01-04 01:21:05,yellow,5
CFG_00150,INT_003,2023-01-04 01:21:05,2023-01-04 01:22:35,red,90
CFG_00151,INT_009,2023-01-07 09:10:00,2023-01-07 09:11:00,green,60
CFG_00152,INT_009,2023-01-07 09:11:00,2023-01-07 09:11:05,yellow,5
CFG_00153,INT_009,2023-01-07 09:11:05,2023-01-07 09:12:35,red,90
CFG_00154,INT_005,2023-01-07 21:37:00,2023-01-07 21:38:00,green,60
CFG_00155,INT_005,2023-01-07 21:38:00,2023-01-07 21:38:05,yellow,5
CFG_00156,INT_005,2023-01-07 21:38:05,2023-01-07 21:39:35,red,90
CFG_00157,INT_007,2023-01-07 21:20:00,2023-01-07 21:21:00,green,60
CFG_00158,INT_007,2023-01-07 21:21:00,2023-01-07 21:21:05,yellow,5
CFG_00159,INT_007,2023-01-07 21:21:05,2023-01-07 21:22:35,red,90
CFG_00160,INT_007,2023-01-05 08:50:00,2023-01-05 08:51:00,green,60
CFG_00161,INT_007,2023-01-05 08:51:00,2023-01-05 08:51:05,yellow,5
CFG_00162,INT_007,2023-01-05 08:51:05,2023-01-05 08:52:35,red,90
CFG_00163,INT_004,2023-01-02 19:46:00,2023-01-02 19:47:00,green,60
CFG_00164,INT_004,2023-01-02 19:47:00,2023-01-02 19:47:05,yellow,5
CFG_00165,INT_004,2023-01-02 19:47:05,2023-01-02 19:48:35,red,90
CFG_00166,INT_009,2023-01-06 20:45:00,2023-01-06 20:46:00,green,60
CFG_00167,INT_009,2023-01-06 20:46:00,2023-01-06 20:46:05,yellow,5
CFG_00168,INT_009,2023-01-06 20:46:05,2023-01-06 20:47:35,red,90
CFG_00169,INT_002,2023-01-01 18:51:00,2023-01-01 18:52:00,green,60
CFG_00170,INT_002,2023-01-01 18:52:00,2023-01-01 18:52:05,yellow,5
CFG_00171,INT_002,2023-01-01 18:52:05,2023-01-01 18:53:35,red,90
CFG_00172,INT_002,2023-01-02 23:44:00,2023-01-02 23:45:00,green,60
CFG_00173,INT_002,2023-01-02 23:45:00,2023-01-02 23:45:05,yellow,5
CFG_00174,INT_002,2023-01-02 23:45:05,2023-01-02 23:46:35,red,90
CFG_00175,INT_003,2023-01-06 01:16:00,2023-01-06 01:17:00,green,60
CFG_00176,INT_003,2023-01-06 01:17:00,2023-01-06 01:17:05,yellow,5
CFG_00177,INT_003,2023-01-06 01:17:05,2023-01-06 01:18:35,red,90
CFG_00178,INT_010,2023-01-01 23:20:00,2023-01-01 23:21:00,green,60
CFG_00179,INT_010,2023-01-01 23:21:00,2023-01-01 23:21:05,yellow,5
CFG_00180,INT_010,2023-01-01 23:21:05,2023-01-01 23:22:35,red,90
CFG_00181,INT_007,2023-01-05 14:12:00,2023-01-05 14:13:00,green,60
CFG_00182,INT_007,2023-01-05 14:13:00,2023-01-05 14:13:05,yellow,5
CFG_00183,INT_007,2023-01-05 14:13:05,2023-01-05 14:14:35,red,90
CFG_00184,INT_010,2023-01-06 13:48:00,2023-01-06 13:49:00,green,60
CFG_00185,INT_010,2023-01-06 13:49:00,2023-01-06 13:49:05,yellow,5
CFG_00186,INT_010,2023-01-06 13:49:05,2023-01-06 13:50:35,red,90
CFG_00187,INT_009,2023-01-04 02:39:00,2023-01-04 02:40:00,green,60
CFG_00188,INT_009,2023-01-04 02:40:00,2023-01-04 02:40:05,yellow,5
CFG_00189,INT_009,2023-01-04 02:40:05,2023-01-04 02:41:35,red,90
CFG_00190,INT_009,2023-01-01 09:08:00,2023-01-01 09:09:00,green,60
CFG_00191,INT_009,2023-01-01 09:09:00,2023-01-01 09:09:05,yellow,5
CFG_00192,INT_009,2023-01-01 09:09:05,2023-01-01 09:10:35,red,90
CFG_00193,INT_002,2023-01-07 08:37:00,2023-01-07 08:38:00,green,60
CFG_00194,INT_002,2023-01-07 08:38:00,2023-01-07 08:38:05,yellow,5
CFG_00195,INT_002,2023-01-07 08:38:05,2023-01-07 08:39:35,red,90
CFG_00196,INT_005,2023-01-05 02:53:00,2023-01-05 02:54:00,green,60
CFG_00197,INT_005,2023-01-05 02:54:00,2023-01-05 02:54:05,yellow,5
CFG_00198,INT_005,2023-01-05 02:54:05,2023-01-05 02:55:35,red,90
CFG_00199,INT_002,2023-01-04 14:08:00,2023-01-04 14:09:00,green,60
CFG_00200,INT_002,2023-01-04 14:09:00,2023-01-04 14:09:05,yellow,5
CFG_00201,INT_002,2023-01-04 14:09:05,2023-01-04 14:10:35,red,90
CFG_00202,INT_007,2023-01-03 01:11:00,2023-01-03 01:12:00,green,60
CFG_00203,INT_007,2023-01-03 01:12:00,2023-01-03 01:12:05,yellow,5
CFG_00204,INT_007,2023-01-03 01:12:05,2023-01-03 01:13:35,red,90
CFG_00205,INT_008,2023-01-01 06:53:00,2023-01-01 06:54:00,green,60
CFG_00206,INT_008,2023-01-01 06:54:00,2023-01-01 06:54:05,yellow,5
CFG_00207,INT_008,2023-01-01 06:54:05,2023-01-01 06:55:35,red,90
CFG_00208,INT_005,2023-01-06 22:41:00,2023-01-06 22:42:00,green,60
CFG_00209,INT_005,2023-01-06 22:42:00,2023-01-06 22:42:05,yellow,5
CFG_00210,INT_005,2023-01-06 22:42:05,2023-01-06 22:43:35,red,90
CFG_00211,INT_003,2023-01-07 00:37:00,2023-01-07 00:38:00,green,60
CFG_00212,INT_003,2023-01-07 00:38:00,2023-01-07 00:38:05,yellow,5
CFG_00213,INT_003,2023-01-07 00:38:05,2023-01-07 00:39:35,red,90
CFG_00214,INT_002,2023-01-04 15:29:00,2023-01-04 15:30:00,green,60
CFG_00215,INT_002,2023-01-04 15:30:00,2023-01-04 15:30:05,yellow,5
CFG_00216,INT_002,2023-01-04 15:30:05,2023-01-04 15:31:35,red,90
CFG_00217,INT_009,2023-01-08 04:17:00,2023-01-08 04:18:00,green,60
CFG_00218,INT_009,2023-01-08 04:18:00,2023-01-08 04:18:05,yellow,5
CFG_00219,INT_009,2023-01-08 04:18:05,2023-01-08 04:19:35,red,90
CFG_00220,INT_004,2023-01-02 23:44:00,2023-01-02 23:45:00,green,60
CFG_00221,INT_004,2023-01-02 23:45:00,2023-01-02 23:45:05,yellow,5
CFG_00222,INT_004,2023-01-02 23:45:05,2023-01-02 23:46:35,red,90
CFG_00223,INT_006,2023-01-03 02:06:00,2023-01-03 02:07:00,green,60
CFG_00224,INT_006,2023-01-03 02:07:00,2023-01-03 02:07:05,yellow,5
CFG_00225,INT_006,2023-01-03 02:07:05,2023-01-03 02:08:35,red,90
CFG_00226,INT_009,2023-01-07 06:49:00,2023-01-07 06:50:00,green,60
CFG_00227,INT_009,2023-01-07 06:50:00,2023-01-07 06:50:05,yellow,5
CFG_00228,INT_009,2023-01-07 06:50:05,2023-01-07 06:51:35,red,90
CFG_00229,INT_001,2023-01-08 01:33:00,2023-01-08 01:34:00,green,60
CFG_00230,INT_001,2023-01-08 01:34:00,2023-01-08 01:34:05,yellow,5
CFG_00231,INT_001,2023-01-08 01:34:05,2023-01-08 01:35:35,red,90
CFG_00232,INT_006,2023-01-06 19:25:00,2023-01-06 19:26:00,green,60
CFG_00233,INT_006,2023-01-06 19:26:00,2023-01-06 19:26:05,yellow,5
CFG_00234,INT_006,2023-01-06 19:26:05,2023-01-06 19:27:35,red,90
CFG_00235,INT_001,2023-01-02 12:32:00,2023-01-02 12:33:00,green,60
CFG_00236,INT_001,2023-01-02 12:33:00,2023-01-02 12:33:05,yellow,5
CFG_00237,INT_001,2023-01-02 12:33:05,2023-01-02 12:34:35,red,90
CFG_00238,INT_006,2023-01-04 17:58:00,2023-01-04 17:59:00,green,60
CFG_00239,INT_006,2023-01-04 17:59:00,2023-01-04 17:59:05,yellow,5
CFG_00240,INT_006,2023-01-04 17:59:05,2023-01-04 18:00:35,red,90
CFG_00241,INT_004,2023-01-01 21:49:00,2023-01-01 21:50:00,green,60
CFG_00242,INT_004,2023-01-01 21:50:00,2023-01-01 21:50:05,yellow,5
CFG_00243,INT_004,2023-01-01 21:50:05,2023-01-01 21:51:35,red,90
CFG_00244,INT_004,2023-01-07 16:55:00,2023-01-07 16:56:00,green,60
CFG_00245,INT_004,2023-01-07 16:56:00,2023-01-07 16:56:05,yellow,5
CFG_00246,INT_004,2023-01-07 16:56:05,2023-01-07 16:57:35,red,90
CFG_00247,INT_002,2023-01-02 05:23:00,2023-01-02 05:24:00,green,60
CFG_00248,INT_002,2023-01-02 05:24:00,2023-01-02 05:24:05,yellow,5
CFG_00249,INT_002,2023-01-02 05:24:05,2023-01-02 05:25:35,red,90
CFG_00250,INT_008,2023-01-02 00:53:00,2023-01-02 00:54:00,green,60
CFG_00251,INT_008,2023-01-02 00:54:00,2023-01-02 00:54:05,yellow,5
CFG_00252,INT_008,2023-01-02 00:54:05,2023-01-02 00:55:35,red,90
CFG_00253,INT_009,2023-01-02 16:20:00,2023-01-02 16:21:00,green,60
CFG_00254,INT_009,2023-01-02 16:21:00,2023-01-02 16:21:05,yellow,5
CFG_00255,INT_009,2023-01-02 16:21:05,2023-01-02 16:22:35,red,90
CFG_00256,INT_003,2023-01-06 15:47:00,2023-01-06 15:48:00,green,60
CFG_00257,INT_003,2023-01-06 15:48:00,2023-01-06 15:48:05,yellow,5
CFG_00258,INT_003,2023-01-06 15:48:05,2023-01-06 15:49:35,red,90
CFG_00259,INT_009,2023-01-03 03:05:00,2023-01-03 03:06:00,green,60
CFG_00260,INT_009,2023-01-03 03:06:00,2023-01-03 03:06:05,yellow,5
CFG_00261,INT_009,2023-01-03 03:06:05,2023-01-03 03:07:35,red,90
CFG_00262,INT_005,2023-01-07 06:05:00,2023-01-07 06:06:00,green,60
CFG_00263,INT_005,2023-01-07 06:06:00,2023-01-07 06:06:05,yellow,5
CFG_00264,INT_005,2023-01-07 06:06:05,2023-01-07 06:07:35,red,90
CFG_00265,INT_010,2023-01-06 01:32:00,2023-01-06 01:33:00,green,60
CFG_00266,INT_010,2023-01-06 01:33:00,2023-01-06 01:33:05,yellow,5
CFG_00267,INT_010,2023-01-06 01:33:05,2023-01-06 01:34:35,red,90
CFG_00268,INT_004,2023-01-07 09:15:00,2023-01-07 09:16:00,green,60
CFG_00269,INT_004,2023-01-07 09:16:00,2023-01-07 09:16:05,yellow,5
CFG_00270,INT_004,2023-01-07 09:16:05,2023-01-07 09:17:35,red,90
CFG_00271,INT_004,2023-01-04 19:07:00,2023-01-04 19:08:00,green,60
CFG_00272,INT_004,2023-01-04 19:08:00,2023-01-04 19:08:05,yellow,5
CFG_00273,INT_004,2023-01-04 19:08:05,2023-01-04 19:09:35,red,90
CFG_00274,INT_007,2023-01-05 11:58:00,2023-01-05 11:59:00,green,60
CFG_00275,INT_007,2023-01-05 11:59:00,2023-01-05 11:59:05,yellow,5
CFG_00276,INT_007,2023-01-05 11:59:05,2023-01-05 12:00:35,red,90
CFG_00277,INT_008,2023-01-07 03:19:00,2023-01-07 03:20:00,green,60
CFG_00278,INT_008,2023-01-07 03:20:00,2023-01-07 03:20:05,yellow,5
CFG_00279,INT_008,2023-01-07 03:20:05,2023-01-07 03:21:35,red,90
CFG_00280,INT_008,2023-01-02 15:02:00,2023-01-02 15:03:00,green,60
CFG_00281,INT_008,2023-01-02 15:03:00,2023-01-02 15:03:05,yellow,5
CFG_00282,INT_008,2023-01-02 15:03:05,2023-01-02 15:04:35,red,90
CFG_00283,INT_004,2023-01-03 19:21:00,2023-01-03 19:22:00,green,60
CFG_00284,INT_004,2023-01-03 19:22:00,2023-01-03 19:22:05,yellow,5
CFG_00285,INT_004,2023-01-03 19:22:05,2023-01-03 19:23:35,red,90
CFG_00286,INT_002,2023-01-05 02:19:00,2023-01-05 02:20:00,green,60
CFG_00287,INT_002,2023-01-05 02:20:00,2023-01-05 02:20:05,yellow,5
CFG_00288,INT_002,2023-01-05 02:20:05,2023-01-05 02:21:35,red,90
CFG_00289,INT_001,2023-01-07 22:38:00,2023-01-07 22:39:00,green,60
CFG_00290,INT_001,2023-01-07 22:39:00,2023-01-07 22:39:05,yellow,5
CFG_00291,INT_001,2023-01-07 22:39:05,2023-01-07 22:40:35,red,90
CFG_00292,INT_009,2023-01-03 20:50:00,2023-01-03 20:51:00,green,60
CFG_00293,INT_009,2023-01-03 20:51:00,2023-01-03 20:51:05,yellow,5
CFG_00294,INT_009,2023-01-03 20:51:05,2023-01-03 20:52:35,red,90
CFG_00295,INT_010,2023-01-03 18:08:00,2023-01-03 18:09:00,green,60
CFG_00296,INT_010,2023-01-03 18:09:00,2023-01-03 18:09:05,yellow,5
CFG_00297,INT_010,2023-01-03 18:09:05,2023-01-03 18:10:35,red,90
CFG_00298,INT_001,2023-01-02 01:23:00,2023-01-02 01:24:00,green,60
CFG_00299,INT_001,2023-01-02 01:24:00,2023-01-02 01:24:05,yellow,5
CFG_00300,INT_001,2023-01-02 01:24:05,2023-01-02 01:25:35,red,90
CFG_00301,INT_001,2023-01-03 20:30:00,2023-01-03 20:31:00,green,60
CFG_00302,INT_001,2023-01-03 20:31:00,2023-01-03 20:31:05,yellow,5
CFG_00303,INT_001,2023-01-03 20:31:05,2023-01-03 20:32:35,red,90
CFG_00304,INT_002,2023-01-01 14:34:00,2023-01-01 14:35:00,green,60
CFG_00305,INT_002,2023-01-01 14:35:00,2023-01-01 14:35:05,yellow,5
CFG_00306,INT_002,2023-01-01 14:35:05,2023-01-01 14:36:35,red,90
CFG_00307,INT_006,2023-01-02 01:20:00,2023-01-02 01:21:00,green,60
CFG_00308,INT_006,2023-01-02 01:21:00,2023-01-02 01:21:05,yellow,5
CFG_00309,INT_006,2023-01-02 01:21:05,2023-01-02 01:22:35,red,90
CFG_00310,INT_009,2023-01-03 22:59:00,2023-01-03 23:00:00,green,60
CFG_00311,INT_009,2023-01-03 23:00:00,2023-01-03 23:00:05,yellow,5
CFG_00312,INT_009,2023-01-03 23:00:05,2023-01-03 23:01:35,red,90
CFG_00313,INT_005,2023-01-06 18:33:00,2023-01-06 18:34:00,green,60
CFG_00314,INT_005,2023-01-06 18:34:00,2023-01-06 18:34:05,yellow,5
CFG_00315,INT_005,2023-01-06 18:34:05,2023-01-06 18:35:35,red,90
CFG_00316,INT_004,2023-01-07 09:14:00,2023-01-07 09:15:00,green,60
CFG_00317,INT_004,2023-01-07 09:15:00,2023-01-07 09:15:05,yellow,5
CFG_00318,INT_004,2023-01-07 09:15:05,2023-01-07 09:16:35,red,90
CFG_00319,INT_003,2023-01-07 17:55:00,2023-01-07 17:56:00,green,60
CFG_00320,INT_003,2023-01-07 17:56:00,2023-01-07 17:56:05,yellow,5
CFG_00321,INT_003,2023-01-07 17:56:05,2023-01-07 17:57:35,red,90
CFG_00322,INT_010,2023-01-06 15:04:00,2023-01-06 15:05:00,green,60
CFG_00323,INT_010,2023-01-06 15:05:00,2023-01-06 15:05:05,yellow,5
CFG_00324,INT_010,2023-01-06 15:05:05,2023-01-06 15:06:35,red,90
CFG_00325,INT_004,2023-01-06 15:09:00,2023-01-06 15:10:00,green,60
CFG_00326,INT_004,2023-01-06 15:10:00,2023-01-06 15:10:05,yellow,5
CFG_00327,INT_004,2023-01-06 15:10:05,2023-01-06 15:11:35,red,90
CFG_00328,INT_007,2023-01-03 09:59:00,2023-01-03 10:00:00,green,60
CFG_00329,INT_007,2023-01-03 10:00:00,2023-01-03 10:00:05,yellow,5
CFG_00330,INT_007,2023-01-03 10:00:05,2023-01-03 10:01:35,red,90
CFG_00331,INT_002,2023-01-02 08:28:00,2023-01-02 08:29:00,green,60
CFG_00332,INT_002,2023-01-02 08:29:00,2023-01-02 08:29:05,yellow,5
CFG_00333,INT_002,2023-01-02 08:29:05,2023-01-02 08:30:35,red,90
CFG_00334,INT_007,2023-01-05 06:44:00,2023-01-05 06:45:00,green,60
CFG_00335,INT_007,2023-01-05 06:45:00,2023-01-05 06:45:05,yellow,5
CFG_00336,INT_007,2023-01-05 06:45:05,2023-01-05 06:46:35,red,90
CFG_00337,INT_007,2023-01-05 22:15:00,2023-01-05 22:16:00,green,60
CFG_00338,INT_007,2023-01-05 22:16:00,2023-01-05 22:16:05,yellow,5
CFG_00339,INT_007,2023-01-05 22:16:05,2023-01-05 22:17:35,red,90
CFG_00340,INT_008,2023-01-01 20:47:00,2023-01-01 20:48:00,green,60
CFG_00341,INT_008,2023-01-01 20:48:00,2023-01-01 20:48:05,yellow,5
CFG_00342,INT_008,2023-01-01 20:48:05,2023-01-01 20:49:35,red,90
CFG_00343,INT_002,2023-01-01 22:33:00,2023-01-01 22:34:00,green,60
CFG_00344,INT_002,2023-01-01 22:34:00,2023-01-01 22:34:05,yellow,5
CFG_00345,INT_002,2023-01-01 22:34:05,2023-01-01 22:35:35,red,90
CFG_00346,INT_007,2023-01-05 02:39:00,2023-01-05 02:40:00,green,60
CFG_00347,INT_007,2023-01-05 02:40:00,2023-01-05 02:40:05,yellow,5
CFG_00348,INT_007,2023-01-05 02:40:05,2023-01-05 02:41:35,red,90
CFG_00349,INT_002,2023-01-04 01:53:00,2023-01-04 01:54:00,green,60
CFG_00350,INT_002,2023-01-04 01:54:00,2023-01-04 01:54:05,yellow,5
CFG_00351,INT_002,2023-01-04 01:54:05,2023-01-04 01:55:35,red,90
CFG_00352,INT_004,2023-01-03 09:56:00,2023-01-03 09:57:00,green,60
CFG_00353,INT_004,2023-01-03 09:57:00,2023-01-03 09:57:05,yellow,5
CFG_00354,INT_004,2023-01-03 09:57:05,2023-01-03 09:58:35,red,90
CFG_00355,INT_009,2023-01-06 08:30:00,2023-01-06 08:31:00,green,60
CFG_00356,INT_009,2023-01-06 08:31:00,2023-01-06 08:31:05,yellow,5
CFG_00357,INT_009,2023-01-06 08:31:05,2023-01-06 08:32:35,red,90
CFG_00358,INT_003,2023-01-06 01:12:00,2023-01-06 01:13:00,green,60
CFG_00359,INT_003,2023-01-06 01:13:00,2023-01-06 01:13:05,yellow,5
CFG_00360,INT_003,2023-01-06 01:13:05,2023-01-06 01:14:35,red,90
CFG_00361,INT_003,2023-01-04 10:03:00,2023-01-04 10:04:00,green,60
CFG_00362,INT_003,2023-01-04 10:04:00,2023-01-04 10:04:05,yellow,5
CFG_00363,INT_003,2023-01-04 10:04:05,2023-01-04 10:05:35,red,90
CFG_00364,INT_008,2023-01-04 02:12:00,2023-01-04 02:13:00,green,60
CFG_00365,INT_008,2023-01-04 02:13:00,2023-01-04 02:13:05,yellow,5
CFG_00366,INT_008,2023-01-04 02:13:05,2023-01-04 02:14:35,red,90
CFG_00367,INT_002,2023-01-06 07:00:00,2023-01-06 07:01:00,green,60
CFG_00368,INT_002,2023-01-06 07:01:00,2023-01-06 07:01:05,yellow,5
CFG_00369,INT_002,2023-01-06 07:01:05,2023-01-06 07:02:35,red,90
CFG_00370,INT_009,2023-01-02 08:44:00,2023-01-02 08:45:00,green,60
CFG_00371,INT_009,2023-01-02 08:45:00,2023-01-02 08:45:05,yellow,5
CFG_00372,INT_009,2023-01-02 08:45:05,2023-01-02 08:46:35,red,90
CFG_00373,INT_001,2023-01-07 09:36:00,2023-01-07 09:37:00,green,60
CFG_00374,INT_001,2023-01-07 09:37:00,2023-01-07 09:37:05,yellow,5
CFG_00375,INT_001,2023-01-07 09:37:05,2023-01-07 09:38:35,red,90
CFG_00376,INT_001,2023-01-02 07:28:00,2023-01-02 07:29:00,green,60
CFG_00377,INT_001,2023-01-02 07:29:00,2023-01-02 07:29:05,yellow,5
CFG_00378,INT_001,2023-01-02 07:29:05,2023-01-02 07:30:35,red,90
CFG_00379,INT_004,2023-01-03 03:24:00,2023-01-03 03:25:00,green,60
CFG_00380,INT_004,2023-01-03 03:25:00,2023-01-03 03:25:05,yellow,5
CFG_00381,INT_004,2023-01-03 03:25:05,2023-01-03 03:26:35,red,90
CFG_00382,INT_007,2023-01-06 18:36:00,2023-01-06 18:37:00,green,60
CFG_00383,INT_007,2023-01-06 18:37:00,2023-01-06 18:37:05,yellow,5
CFG_00384,INT_007,2023-01-06 18:37:05,2023-01-06 18:38:35,red,90
CFG_00385,INT_008,2023-01-03 16:22:00,2023-01-03 16:23:00,green,60
CFG_00386,INT_008,2023-01-03 16:23:00,2023-01-03 16:23:05,yellow,5
CFG_00387,INT_008,2023-01-03 16:23:05,2023-01-03 16:24:35,red,90
CFG_00388,INT_007,2023-01-01 22:00:00,2023-01-01 22:01:00,green,60
CFG_00389,INT_007,2023-01-01 22:01:00,2023-01-01 22:01:05,yellow,5
CFG_00390,INT_007,2023-01-01 22:01:05,2023-01-01 22:02:35,red,90
CFG_00391,INT_003,2023-01-05 13:29:00,2023-01-05 13:30:00,green,60
CFG_00392,INT_003,2023-01-05 13:30:00,2023-01-05 13:30:05,yellow,5
CFG_00393,INT_003,2023-01-05 13:30:05,2023-01-05 13:31:35,red,90
CFG_00394,INT_001,2023-01-05 16:36:00,2023-01-05 16:37:00,green,60
CFG_00395,INT_001,2023-01-05 16:37:00,2023-01-05 16:37:05,yellow,5
CFG_00396,INT_001,2023-01-05 16:37:05,2023-01-05 16:38:35,red,90
CFG_00397,INT_005,2023-01-06 10:14:00,2023-01-06 10:15:00,green,60
CFG_00398,INT_005,2023-01-06 10:15:00,2023-01-06 10:15:05,yellow,5
CFG_00399,INT_005,2023-01-06 10:15:05,2023-01-06 10:16:35,red,90
CFG_00400,INT_005,2023-01-06 01:30:00,2023-01-06 01:31:00,green,60
CFG_00401,INT_005,2023-01-06 01:31:00,2023-01-06 01:31:05,yellow,5
CFG_00402,INT_005,2023-01-06 01:31:05,2023-01-06 01:32:35,red,90
CFG_00403,INT_009,2023-01-06 18:53:00,2023-01-06 18:54:00,green,60
CFG_00404,INT_009,2023-01-06 18:54:00,2023-01-06 18:54:05,yellow,5
CFG_00405,INT_009,2023-01-06 18:54:05,2023-01-06 18:55:35,red,90
CFG_00406,INT_003,2023-01-03 09:51:00,2023-01-03 09:52:00,green,60
CFG_00407,INT_003,2023-01-03 09:52:00,2023-01-03 09:52:05,yellow,5
CFG_00408,INT_003,2023-01-03 09:52:05,2023-01-03 09:53:35,red,90
CFG_00409,INT_005,2023-01-03 17:26:00,2023-01-03 17:27:00,green,60
CFG_00410,INT_005,2023-01-03 17:27:00,2023-01-03 17:27:05,yellow,5
CFG_00411,INT_005,2023-01-03 17:27:05,2023-01-03 17:28:35,red,90
CFG_00412,INT_001,2023-01-07 20:09:00,2023-01-07 20:10:00,green,60
CFG_00413,INT_001,2023-01-07 20:10:00,2023-01-07 20:10:05,yellow,5
CFG_00414,INT_001,2023-01-07 20:10:05,2023-01-07 20:11:35,red,90
CFG_00415,INT_009,2023-01-01 22:38:00,2023-01-01 22:39:00,green,60
CFG_00416,INT_009,2023-01-01 22:39:00,2023-01-01 22:39:05,yellow,5
CFG_00417,INT_009,2023-01-01 22:39:05,2023-01-01 22:40:35,red,90
CFG_00418,INT_006,2023-01-01 21:36:00,2023-01-01 21:37:00,green,60
CFG_00419,INT_006,2023-01-01 21:37:00,2023-01-01 21:37:05,yellow,5
CFG_00420,INT_006,2023-01-01 21:37:05,2023-01-01 21:38:35,red,90
CFG_00421,INT_001,2023-01-07 21:31:00,2023-01-07 21:32:00,green,60
CFG_00422,INT_001,2023-01-07 21:32:00,2023-01-07 21:32:05,yellow,5
CFG_00423,INT_001,2023-01-07 21:32:05,2023-01-07 21:33:35,red,90
CFG_00424,INT_008,2023-01-06 23:18:00,2023-01-06 23:19:00,green,60
CFG_00425,INT_008,2023-01-06 23:19:00,2023-01-06 23:19:05,yellow,5
CFG_00426,INT_008,2023-01-06 23:19:05,2023-01-06 23:20:35,red,90
CFG_00427,INT_009,2023-01-03 00:59:00,2023-01-03 01:00:00,green,60
CFG_00428,INT_009,2023-01-03 01:00:00,2023-01-03 01:00:05,yellow,5
CFG_00429,INT_009,2023-01-03 01:00:05,2023-01-03 01:01:35,red,90
CFG_00430,INT_001,2023-01-07 00:40:00,2023-01-07 00:41:00,green,60
CFG_00431,INT_001,2023-01-07 00:41:00,2023-01-07 00:41:05,yellow,5
CFG_00432,INT_001,2023-01-07 00:41:05,2023-01-07 00:42:35,red,90
CFG_00433,INT_002,2023-01-03 08:44:00,2023-01-03 08:45:00,green,60
CFG_00434,INT_002,2023-01-03 08:45:00,2023-01-03 08:45:05,yellow,5
CFG_00435,INT_002,2023-01-03 08:45:05,2023-01-03 08:46:35,red,90
CFG_00436,INT_002,2023-01-08 00:29:00,2023-01-08 00:30:00,green,60
CFG_00437,INT_002,2023-01-08 00:30:00,2023-01-08 00:30:05,yellow,5
CFG_00438,INT_002,2023-01-08 00:30:05,2023-01-08 00:31:35,red,90
CFG_00439,INT_002,2023-01-03 22:13:00,2023-01-03 22:14:00,green,60
CFG_00440,INT_002,2023-01-03 22:14:00,2023-01-03 22:14:05,yellow,5
CFG_00441,INT_002,2023-01-03 22:14:05,2023-01-03 22:15:35,red,90
CFG_00442,INT_007,2023-01-02 14:44:00,2023-01-02 14:45:00,green,60
CFG_00443,INT_007,2023-01-02 14:45:00,2023-01-02 14:45:05,yellow,5
CFG_00444,INT_007,2023-01-02 14:45:05,2023-01-02 14:46:35,red,90
CFG_00445,INT_010,2023-01-04 01:13:00,2023-01-04 01:14:00,green,60
CFG_00446,INT_010,2023-01-04 01:14:00,2023-01-04 01:14:05,yellow,5
CFG_00447,INT_010,2023-01-04 01:14:05,2023-01-04 01:15:35,red,90
CFG_00448,INT_010,2023-01-08 00:20:00,2023-01-08 00:21:00,green,60
CFG_00449,INT_010,2023-01-08 00:21:00,2023-01-08 00:21:05,yellow,5
CFG_00450,INT_010,2023-01-08 00:21:05,2023-01-08 00:22:35,red,90
CFG_00451,INT_001,2023-01-02 04:23:00,2023-01-02 04:24:00,green,60
CFG_00452,INT_001,2023-01-02 04:24:00,2023-01-02 04:24:05,yellow,5
CFG_00453,INT_001,2023-01-02 04:24:05,2023-01-02 04:25:35,red,90
CFG_00454,INT_007,2023-01-07 21:22:00,2023-01-07 21:23:00,green,60
CFG_00455,INT_007,2023-01-07 21:23:00,2023-01-07 21:23:05,yellow,5
CFG_00456,INT_007,2023-01-07 21:23:05,2023-01-07 21:24:35,red,90
CFG_00457,INT_010,2023-01-07 04:45:00,2023-01-07 04:46:00,green,60
CFG_00458,INT_010,2023-01-07 04:46:00,2023-01-07 04:46:05,yellow,5
CFG_00459,INT_010,2023-01-07 04:46:05,2023-01-07 04:47:35,red,90
CFG_00460,INT_006,2023-01-04 05:12:00,2023-01-04 05:13:00,green,60
CFG_00461,INT_006,2023-01-04 05:13:00,2023-01-04 05:13:05,yellow,5
CFG_00462,INT_006,2023-01-04 05:13:05,2023-01-04 05:14:35,red,90
CFG_00463,INT_004,2023-01-04 19:47:00,2023-01-04 19:48:00,green,60
CFG_00464,INT_004,2023-01-04 19:48:00,2023-01-04 19:48:05,yellow,5
CFG_00465,INT_004,2023-01-04 19:48:05,2023-01-04 19:49:35,red,90
CFG_00466,INT_004,2023-01-04 06:31:00,2023-01-04 06:32:00,green,60
CFG_00467,INT_004,2023-01-04 06:32:00,2023-01-04 06:32:05,yellow,5
CFG_00468,INT_004,2023-01-04 06:32:05,2023-01-04 06:33:35,red,90
CFG_00469,INT_007,2023-01-02 17:44:00,2023-01-02 17:45:00,green,60
CFG_00470,INT_007,2023-01-02 17:45:00,2023-01-02 17:45:05,yellow,5
CFG_00471,INT_007,2023-01-02 17:45:05,2023-01-02 17:46:35,red,90
CFG_00472,INT_005,2023-01-06 10:51:00,2023-01-06 10:52:00,green,60
CFG_00473,INT_005,2023-01-06 10:52:00,2023-01-06 10:52:05,yellow,5
CFG_00474,INT_005,2023-01-06 10:52:05,2023-01-06 10:53:35,red,90
CFG_00475,INT_006,2023-01-02 01:48:00,2023-01-02 01:49:00,green,60
CFG_00476,INT_006,2023-01-02 01:49:00,2023-01-02 01:49:05,yellow,5
CFG_00477,INT_006,2023-01-02 01:49:05,2023-01-02 01:50:35,red,90
CFG_00478,INT_001,2023-01-06 11:08:00,2023-01-06 11:09:00,green,60
CFG_00479,INT_001,2023-01-06 11:09:00,2023-01-06 11:09:05,yellow,5
CFG_00480,INT_001,2023-01-06 11:09:05,2023-01-06 11:10:35,red,90
CFG_00481,INT_010,2023-01-07 15:44:00,2023-01-07 15:45:00,green,60
CFG_00482,INT_010,2023-01-07 15:45:00,2023-01-07 15:45:05,yellow,5
CFG_00483,INT_010,2023-01-07 15:45:05,2023-01-07 15:46:35,red,90
CFG_00484,INT_002,2023-01-02 02:00:00,2023-01-02 02:01:00,green,60
CFG_00485,INT_002,2023-01-02 02:01:00,2023-01-02 02:01:05,yellow,5
CFG_00486,INT_002,2023-01-02 02:01:05,2023-01-02 02:02:35,red,90
CFG_00487,INT_009,2023-01-03 16:12:00,2023-01-03 16:13:00,green,60
CFG_00488,INT_009,2023-01-03 16:13:00,2023-01-03 16:13:05,yellow,5
CFG_00489,INT_009,2023-01-03 16:13:05,2023-01-03 16:14:35,red,90
CFG_00490,INT_009,2023-01-04 06:25:00,2023-01-04 06:26:00,green,60
CFG_00491,INT_009,2023-01-04 06:26:00,2023-01-04 06:26:05,yellow,5
CFG_00492,INT_009,2023-01-04 06:26:05,2023-01-04 06:27:35,red,90
CFG_00493,INT_003,2023-01-05 05:18:00,2023-01-05 05:19:00,green,60
CFG_00494,INT_003,2023-01-05 05:19:00,2023-01-05 05:19:05,yellow,5
CFG_00495,INT_003,2023-01-05 05:19:05,2023-01-05 05:20:35,red,90
CFG_00496,INT_002,2023-01-04 00:42:00,2023-01-04 00:43:00,green,60
CFG_00497,INT_002,2023-01-04 00:43:00,2023-01-04 00:43:05,yellow,5
CFG_00498,INT_002,2023-01-04 00:43:05,2023-01-04 00:44:35,red,90
CFG_00499,INT_006,2023-01-04 11:49:00,2023-01-04 11:50:00,green,60
CFG_00500,INT_006,2023-01-04 11:50:00,2023-01-04 11:50:05,yellow,5
CFG_00501,INT_006,2023-01-04 11:50:05,2023-01-04 11:51:35,red,90
CFG_00502,INT_003,2023-01-06 05:39:00,2023-01-06 05:40:00,green,60
CFG_00503,INT_003,2023-01-06 05:40:00,2023-01-06 05:40:05,yellow,5
CFG_00504,INT_003,2023-01-06 05:40:05,2023-01-06 05:41:35,red,90
CFG_00505,INT_009,2023-01-04 16:36:00,2023-01-04 16:37:00,green,60
CFG_00506,INT_009,2023-01-04 16:37:00,2023-01-04 16:37:05,yellow,5
CFG_00507,INT_009,2023-01-04 16:37:05,2023-01-04 16:38:35,red,90
CFG_00508,INT_010,2023-01-07 06:26:00,2023-01-07 06:27:00,green,60
CFG_00509,INT_010,2023-01-07 06:27:00,2023-01-07 06:27:05,yellow,5
CFG_00510,INT_010,2023-01-07 06:27:05,2023-01-07 06:28:35,red,90
CFG_00511,INT_001,2023-01-07 13:26:00,2023-01-07 13:27:00,green,60
CFG_00512,INT_001,2023-01-07 13:27:00,2023-01-07 13:27:05,yellow,5
CFG_00513,INT_001,2023-01-07 13:27:05,2023-01-07 13:28:35,red,90
CFG_00514,INT_005,2023-01-02 10:17:00,2023-01-02 10:18:00,green,60
CFG_00515,INT_005,2023-01-02 10:18:00,2023-01-02 10:18:05,yellow,5
CFG_00516,INT_005,2023-01-02 10:18:05,2023-01-02 10:19:35,red,90
CFG_00517,INT_003,2023-01-04 06:13:00,2023-01-04 06:14:00,green,60
CFG_00518,INT_003,2023-01-04 06:14:00,2023-01-04 06:14:05,yellow,5
CFG_00519,INT_003,2023-01-04 06:14:05,2023-01-04 06:15:35,red,90
CFG_00520,INT_002,2023-01-02 11:13:00,2023-01-02 11:14:00,green,60
CFG_00521,INT_002,2023-01-02 11:14:00,2023-01-02 11:14:05,yellow,5
CFG_00522,INT_002,2023-01-02 11:14:05,2023-01-02 11:15:35,red,90
CFG_00523,INT_009,2023-01-03 00:26:00,2023-01-03 00:27:00,green,60
CFG_00524,INT_009,2023-01-03 00:27:00,2023-01-03 00:27:05,yellow,5
CFG_00525,INT_009,2023-01-03 00:27:05,2023-01-03 00:28:35,red,90
CFG_00526,INT_005,2023-01-04 10:56:00,2023-01-04 10:57:00,green,60
CFG_00527,INT_005,2023-01-04 10:57:00,2023-01-04 10:57:05,yellow,5
CFG_00528,INT_005,2023-01-04 10:57:05,2023-01-04 10:58:35,red,90
CFG_00529,INT_010,2023-01-03 15:30:00,2023-01-03 15:31:00,green,60
CFG_00530,INT_010,2023-01-03 15:31:00,2023-01-03 15:31:05,yellow,5
CFG_00531,INT_010,2023-01-03 15:31:05,2023-01-03 15:32:35,red,90
CFG_00532,INT_006,2023-01-03 13:35:00,2023-01-03 13:36:00,green,60
CFG_00533,INT_006,2023-01-03 13:36:00,2023-01-03 13:36:05,yellow,5
CFG_00534,INT_006,2023-01-03 13:36:05,2023-01-03 13:37:35,red,90
CFG_00535,INT_005,2023-01-07 00:00:00,2023-01-07 00:01:00,green,60
CFG_00536,INT_005,2023-01-07 00:01:00,2023-01-07 00:01:05,yellow,5
CFG_00537,INT_005,2023-01-07 00:01:05,2023-01-07 00:02:35,red,90
CFG_00538,INT_008,2023-01-04 02:34:00,2023-01-04 02:35:00,green,60
CFG_00539,INT_008,2023-01-04 02:35:00,2023-01-04 02:35:05,yellow,5
CFG_00540,INT_008,2023-01-04 02:35:05,2023-01-04 02:36:35,red,90
CFG_00541,INT_001,2023-01-02 07:12:00,2023-01-02 07:13:00,green,60
CFG_00542,INT_001,2023-01-02 07:13:00,2023-01-02 07:13:05,yellow,5
CFG_00543,INT_001,2023-01-02 07:13:05,2023-01-02 07:14:35,red,90
CFG_00544,INT_007,2023-01-04 09:33:00,2023-01-04 09:34:00,green,60
CFG_00545,INT_007,2023-01-04 09:34:00,2023-01-04 09:34:05,yellow,5
CFG_00546,INT_007,2023-01-04 09:34:05,2023-01-04 09:35:35,red,90
CFG_00547,INT_001,2023-01-01 06:58:00,2023-01-01 06:59:00,green,60
CFG_00548,INT_001,2023-01-01 06:59:00,2023-01-01 06:59:05,yellow,5
CFG_00549,INT_001,2023-01-01 06:59:05,2023-01-01 07:00:35,red,90
CFG_00550,INT_006,2023-01-02 17:43:00,2023-01-02 17:44:00,green,60
CFG_00551,INT_006,2023-01-02 17:44:00,2023-01-02 17:44:05,yellow,5
CFG_00552,INT_006,2023-01-02 17:44:05,2023-01-02 17:45:35,red,90
CFG_00553,INT_005,2023-01-03 02:07:00,2023-01-03 02:08:00,green,60
CFG_00554,INT_005,2023-01-03 02:08:00,2023-01-03 02:08:05,yellow,5
CFG_00555,INT_005,2023-01-03 02:08:05,2023-01-03 02:09:35,red,90
CFG_00556,INT_008,2023-01-07 12:38:00,2023-01-07 12:39:00,green,60
CFG_00557,INT_008,2023-01-07 12:39:00,2023-01-07 12:39:05,yellow,5
CFG_00558,INT_008,2023-01-07 12:39:05,2023-01-07 12:40:35,red,90
CFG_00559,INT_007,2023-01-07 15:09:00,2023-01-07 15:10:00,green,60
CFG_00560,INT_007,2023-01-07 15:10:00,2023-01-07 15:10:05,yellow,5
CFG_00561,INT_007,2023-01-07 15:10:05,2023-01-07 15:11:35,red,90
CFG_00562,INT_001,2023-01-02 12:32:00,2023-01-02 12:33:00,green,60
CFG_00563,INT_001,2023-01-02 12:33:00,2023-01-02 12:33:05,yellow,5
CFG_00564,INT_001,2023-01-02 12:33:05,2023-01-02 12:34:35,red,90
CFG_00565,INT_002,2023-01-02 22:42:00,2023-01-02 22:43:00,green,60
CFG_00566,INT_002,2023-01-02 22:43:00,2023-01-02 22:43:05,yellow,5
CFG_00567,INT_002,2023-01-02 22:43:05,2023-01-02 22:44:35,red,90
CFG_00568,INT_009,2023-01-01 15:50:00,2023-01-01 15:51:00,green,60
CFG_00569,INT_009,2023-01-01 15:51:00,2023-01-01 15:51:05,yellow,5
CFG_00570,INT_009,2023-01-01 15:51:05,2023-01-01 15:52:35,red,90
CFG_00571,INT_006,2023-01-07 21:03:00,2023-01-07 21:04:00,green,60
CFG_00572,INT_006,2023-01-07 21:04:00,2023-01-07 21:04:05,yellow,5
CFG_00573,INT_006,2023-01-07 21:04:05,2023-01-07 21:05:35,red,90
CFG_00574,INT_009,2023-01-02 22:26:00,2023-01-02 22:27:00,green,60
CFG_00575,INT_009,2023-01-02 22:27:00,2023-01-02 22:27:05,yellow,5
CFG_00576,INT_009,2023-01-02 22:27:05,2023-01-02 22:28:35,red,90
CFG_00577,INT_007,2023-01-02 16:48:00,2023-01-02 16:49:00,green,60
CFG_00578,INT_007,2023-01-02 16:49:00,2023-01-02 16:49:05,yellow,5
CFG_00579,INT_007,2023-01-02 16:49:05,2023-01-02 16:50:35,red,90
CFG_00580,INT_001,2023-01-04 18:10:00,2023-01-04 18:11:00,green,60
CFG_00581,INT_001,2023-01-04 18:11:00,2023-01-04 18:11:05,yellow,5
CFG_00582,INT_001,2023-01-04 18:11:05,2023-01-04 18:12:35,red,90
CFG_00583,INT_006,2023-01-01 16:53:00,2023-01-01 16:54:00,green,60
CFG_00584,INT_006,2023-01-01 16:54:00,2023-01-01 16:54:05,yellow,5
CFG_00585,INT_006,2023-01-01 16:54:05,2023-01-01 16:55:35,red,90
CFG_00586,INT_006,2023-01-03 15:21:00,2023-01-03 15:22:00,green,60
CFG_00587,INT_006,2023-01-03 15:22:00,2023-01-03 15:22:05,yellow,5
CFG_00588,INT_006,2023-01-03 15:22:05,2023-01-03 15:23:35,red,90
CFG_00589,INT_004,2023-01-02 10:04:00,2023-01-02 10:05:00,green,60
CFG_00590,INT_004,2023-01-02 10:05:00,2023-01-02 10:05:05,yellow,5
CFG_00591,INT_004,2023-01-02 10:05:05,2023-01-02 10:06:35,red,90
CFG_00592,INT_006,2023-01-07 14:53:00,2023-01-07 14:54:00,green,60
CFG_00593,INT_006,2023-01-07 14:54:00,2023-01-07 14:54:05,yellow,5
CFG_00594,INT_006,2023-01-07 14:54:05,2023-01-07 14:55:35,red,90
CFG_00595,INT_007,2023-01-03 00:12:00,2023-01-03 00:13:00,green,60
CFG_00596,INT_007,2023-01-03 00:13:00,2023-01-03 00:13:05,yellow,5
CFG_00597,INT_007,2023-01-03 00:13:05,2023-01-03 00:14:35,red,90
CFG_00598,INT_004,2023-01-03 02:22:00,2023-01-03 02:23:00,green,60
CFG_00599,INT_004,2023-01-03 02:23:00,2023-01-03 02:23:05,yellow,5
CFG_00600,INT_004,2023-01-03 02:23:05,2023-01-03 02:24:35,red,90
CFG_00601,INT_003,2023-01-05 22:35:00,2023-01-05 22:36:00,green,60
CFG_00602,INT_003,2023-01-05 22:36:00,2023-01-05 22:36:05,yellow,5
CFG_00603,INT_003,2023-01-05 22:36:05,2023-01-05 22:37:35,red,90
CFG_00604,INT_001,2023-01-03 06:58:00,2023-01-03 06:59:00,green,60
CFG_00605,INT_001,2023-01-03 06:59:00,2023-01-03 06:59:05,yellow,5
CFG_00606,INT_001,2023-01-03 06:59:05,2023-01-03 07:00:35,red,90
CFG_00607,INT_006,2023-01-05 22:25:00,2023-01-05 22:26:00,green,60
CFG_00608,INT_006,2023-01-05 22:26:00,2023-01-05 22:26:05,yellow,5
CFG_00609,INT_006,2023-01-05 22:26:05,2023-01-05 22:27:35,red,90
CFG_00610,INT_004,2023-01-04 06:51:00,2023-01-04 06:52:00,green,60
CFG_00611,INT_004,2023-01-04 06:52:00,2023-01-04 06:52:05,yellow,5
CFG_00612,INT_004,2023-01-04 06:52:05,2023-01-04 06:53:35,red,90
CFG_00613,INT_003,2023-01-02 11:31:00,2023-01-02 11:32:00,green,60
CFG_00614,INT_003,2023-01-02 11:32:00,2023-01-02 11:32:05,yellow,5
CFG_00615,INT_003,2023-01-02 11:32:05,2023-01-02 11:33:35,red,90
CFG_00616,INT_007,2023-01-01 16:34:00,2023-01-01 16:35:00,green,60
CFG_00617,INT_007,2023-01-01 16:35:00,2023-01-01 16:35:05,yellow,5
CFG_00618,INT_007,2023-01-01 16:35:05,2023-01-01 16:36:35,red,90
CFG_00619,INT_008,2023-01-03 18:44:00,2023-01-03 18:45:00,green,60
CFG_00620,INT_008,2023-01-03 18:45:00,2023-01-03 18:45:05,yellow,5
CFG_00621,INT_008,2023-01-03 18:45:05,2023-01-03 18:46:35,red,90
CFG_00622,INT_004,2023-01-06 11:41:00,2023-01-06 11:42:00,green,60
CFG_00623,INT_004,2023-01-06 11:42:00,2023-01-06 11:42:05,yellow,5
CFG_00624,INT_004,2023-01-06 11:42:05,2023-01-06 11:43:35,red,90
CFG_00625,INT_006,2023-01-04 17:20:00,2023-01-04 17:21:00,green,60
CFG_00626,INT_006,2023-01-04 17:21:00,2023-01-04 17:21:05,yellow,5
CFG_00627,INT_006,2023-01-04 17:21:05,2023-01-04 17:22:35,red,90
CFG_00628,INT_004,2023-01-03 18:52:00,2023-01-03 18:53:00,green,60
CFG_00629,INT_004,2023-01-03 18:53:00,2023-01-03 18:53:05,yellow,5
CFG_00630,INT_004,2023-01-03 18:53:05,2023-01-03 18:54:35,red,90
CFG_00631,INT_001,2023-01-03 10:44:00,2023-01-03 10:45:00,green,60
CFG_00632,INT_001,2023-01-03 10:45:00,2023-01-03 10:45:05,yellow,5
CFG_00633,INT_001,2023-01-03 10:45:05,2023-01-03 10:46:35,red,90
CFG_00634,INT_007,2023-01-04 23:38:00,2023-01-04 23:39:00,green,60
CFG_00635,INT_007,2023-01-04 23:39:00,2023-01-04 23:39:05,yellow,5
CFG_00636,INT_007,2023-01-04 23:39:05,2023-01-04 23:40:35,red,90
CFG_00637,INT_005,2023-01-02 00:57:00,2023-01-02 00:58:00,green,60
CFG_00638,INT_005,2023-01-02 00:58:00,2023-01-02 00:58:05,yellow,5
CFG_00639,INT_005,2023-01-02 00:58:05,2023-01-02 00:59:35,red,90
CFG_00640,INT_005,2023-01-05 05:53:00,2023-01-05 05:54:00,green,60
CFG_00641,INT_005,2023-01-05 05:54:00,2023-01-05 05:54:05,yellow,5
CFG_00642,INT_005,2023-01-05 05:54:05,2023-01-05 05:55:35,red,90
CFG_00643,INT_009,2023-01-05 19:08:00,2023-01-05 19:09:00,green,60
CFG_00644,INT_009,2023-01-05 19:09:00,2023-01-05 19:09:05,yellow,5
CFG_00645,INT_009,2023-01-05 19:09:05,2023-01-05 19:10:35,red,90
CFG_00646,INT_009,2023-01-05 00:25:00,2023-01-05 00:26:00,green,60
CFG_00647,INT_009,2023-01-05 00:26:00,2023-01-05 00:26:05,yellow,5
CFG_00648,INT_009,2023-01-05 00:26:05,2023-01-05 00:27:35,red,90
CFG_00649,INT_001,2023-01-02 13:29:00,2023-01-02 13:30:00,green,60
CFG_00650,INT_001,2023-01-02 13:30:00,2023-01-02 13:30:05,yellow,5
CFG_00651,INT_001,2023-01-02 13:30:05,2023-01-02 13:31:35,red,90
CFG_00652,INT_005,2023-01-03 06:45:00,2023-01-03 06:46:00,green,60
CFG_00653,INT_005,2023-01-03 06:46:00,2023-01-03 06:46:05,yellow,5
CFG_00654,INT_005,2023-01-03 06:46:05,2023-01-03 06:47:35,red,90
CFG_00655,INT_010,2023-01-04 06:29:00,2023-01-04 06:30:00,green,60
CFG_00656,INT_010,2023-01-04 06:30:00,2023-01-04 06:30:05,yellow,5
CFG_00657,INT_010,2023-01-04 06:30:05,2023-01-04 06:31:35,red,90
CFG_00658,INT_001,2023-01-02 11:36:00,2023-01-02 11:37:00,green,60
CFG_00659,INT_001,2023-01-02 11:37:00,2023-01-02 11:37:05,yellow,5
CFG_00660,INT_001,2023-01-02 11:37:05,2023-01-02 11:38:35,red,90
CFG_00661,INT_010,2023-01-06 04:39:00,2023-01-06 04:40:00,green,60
CFG_00662,INT_010,2023-01-06 04:40:00,2023-01-06 04:40:05,yellow,5
CFG_00663,INT_010,2023-01-06 04:40:05,2023-01-06 04:41:35,red,90
CFG_00664,INT_006,2023-01-04 19:39:00,2023-01-04 19:40:00,green,60
CFG_00665,INT_006,2023-01-04 19:40:00,2023-01-04 19:40:05,yellow,5
CFG_00666,INT_006,2023-01-04 19:40:05,2023-01-04 19:41:35,red,90
CFG_00667,INT_007,2023-01-08 03:32:00,2023-01-08 03:33:00,green,60
CFG_00668,INT_007,2023-01-08 03:33:00,2023-01-08 03:33:05,yellow,5
CFG_00669,INT_007,2023-01-08 03:33:05,2023-01-08 03:34:35,red,90
CFG_00670,INT_009,2023-01-02 13:34:00,2023-01-02 13:35:00,green,60
CFG_00671,INT_009,2023-01-02 13:35:00,2023-01-02 13:35:05,yellow,5
CFG_00672,INT_009,2023-01-02 13:35:05,2023-01-02 13:36:35,red,90
CFG_00673,INT_007,2023-01-07 19:26:00,2023-01-07 19:27:00,green,60
CFG_00674,INT_007,2023-01-07 19:27:00,2023-01-07 19:27:05,yellow,5
CFG_00675,INT_007,2023-01-07 19:27:05,2023-01-07 19:28:35,red,90
CFG_00676,INT_004,2023-01-04 03:33:00,2023-01-04 03:34:00,green,60
CFG_00677,INT_004,2023-01-04 03:34:00,2023-01-04 03:34:05,yellow,5
CFG_00678,INT_004,2023-01-04 03:34:05,2023-01-04 03:35:35,red,90
CFG_00679,INT_001,2023-01-06 05:04:00,2023-01-06 05:05:00,green,60
CFG_00680,INT_001,2023-01-06 05:05:00,2023-01-06 05:05:05,yellow,5
CFG_00681,INT_001,2023-01-06 05:05:05,2023-01-06 05:06:35,red,90
CFG_00682,INT_001,2023-01-07 03:58:00,2023-01-07 03:59:00,green,60
CFG_00683,INT_001,2023-01-07 03:59:00,2023-01-07 03:59:05,yellow,5
CFG_00684,INT_001,2023-01-07 03:59:05,2023-01-07 04:00:35,red,90
CFG_00685,INT_009,2023-01-03 11:48:00,2023-01-03 11:49:00,green,60
CFG_00686,INT_009,2023-01-03 11:49:00,2023-01-03 11:49:05,yellow,5
CFG_00687,INT_009,2023-01-03 11:49:05,2023-01-03 11:50:35,red,90
CFG_00688,INT_006,2023-01-06 03:46:00,2023-01-06 03:47:00,green,60
CFG_00689,INT_006,2023-01-06 03:47:00,2023-01-06 03:47:05,yellow,5
CFG_00690,INT_006,2023-01-06 03:47:05,2023-01-06 03:48:35,red,90
CFG_00691,INT_002,2023-01-05 00:09:00,2023-01-05 00:10:00,green,60
CFG_00692,INT_002,2023-01-05 00:10:00,2023-01-05 00:10:05,yellow,5
CFG_00693,INT_002,2023-01-05 00:10:05,2023-01-05 00:11:35,red,90
CFG_00694,INT_010,2023-01-04 19:43:00,2023-01-04 19:44:00,green,60
CFG_00695,INT_010,2023-01-04 19:44:00,2023-01-04 19:44:05,yellow,5
CFG_00696,INT_010,2023-01-04 19:44:05,2023-01-04 19:45:35,red,90
CFG_00697,INT_002,2023-01-04 16:00:00,2023-01-04 16:01:00,green,60
CFG_00698,INT_002,2023-01-04 16:01:00,2023-01-04 16:01:05,yellow,5
CFG_00699,INT_002,2023-01-04 16:01:05,2023-01-04 16:02:35,red,90
CFG_00700,INT_009,2023-01-04 18:27:00,2023-01-04 18:28:00,green,60
CFG_00701,INT_009,2023-01-04 18:28:00,2023-01-04 18:28:05,yellow,5
CFG_00702,INT_009,2023-01-04 18:28:05,2023-01-04 18:29:35,red,90
CFG_00703,INT_007,2023-01-04 23:04:00,2023-01-04 23:05:00,green,60
CFG_00704,INT_007,2023-01-04 23:05:00,2023-01-04 23:05:05,yellow,5
CFG_00705,INT_007,2023-01-04 23:05:05,2023-01-04 23:06:35,red,90
CFG_00706,INT_007,2023-01-04 14:44:00,2023-01-04 14:45:00,green,60
CFG_00707,INT_007,2023-01-04 14:45:00,2023-01-04 14:45:05,yellow,5
CFG_00708,INT_007,2023-01-04 14:45:05,2023-01-04 14:46:35,red,90
CFG_00709,INT_009,2023-01-02 16:45:00,2023-01-02 16:46:00,green,60
CFG_00710,INT_009,2023-01-02 16:46:00,2023-01-02 16:46:05,yellow,5
CFG_00711,INT_009,2023-01-02 16:46:05,2023-01-02 16:47:35,red,90
CFG_00712,INT_004,2023-01-06 00:48:00,2023-01-06 00:49:00,green,60
CFG_00713,INT_004,2023-01-06 00:49:00,2023-01-06 00:49:05,yellow,5
CFG_00714,INT_004,2023-01-06 00:49:05,2023-01-06 00:50:35,red,90
CFG_00715,INT_007,2023-01-03 05:31:00,2023-01-03 05:32:00,green,60
CFG_00716,INT_007,2023-01-03 05:32:00,2023-01-03 05:32:05,yellow,5
CFG_00717,INT_007,2023-01-03 05:32:05,2023-01-03 05:33:35,red,90
CFG_00718,INT_010,2023-01-07 17:24:00,2023-01-07 17:25:00,green,60
CFG_00719,INT_010,2023-01-07 17:25:00,2023-01-07 17:25:05,yellow,5
CFG_00720,INT_010,2023-01-07 17:25:05,2023-01-07 17:26:35,red,90
CFG_00721,INT_005,2023-01-05 20:53:00,2023-01-05 20:54:00,green,60
CFG_00722,INT_005,2023-01-05 20:54:00,2023-01-05 20:54:05,yellow,5
CFG_00723,INT_005,2023-01-05 20:54:05,2023-01-05 20:55:35,red,90
CFG_00724,INT_009,2023-01-01 06:06:00,2023-01-01 06:07:00,green,60
CFG_00725,INT_009,2023-01-01 06:07:00,2023-01-01 06:07:05,yellow,5
CFG_00726,INT_009,2023-01-01 06:07:05,2023-01-01 06:08:35,red,90
CFG_00727,INT_005,2023-01-04 12:20:00,2023-01-04 12:21:00,green,60
CFG_00728,INT_005,2023-01-04 12:21:00,2023-01-04 12:21:05,yellow,5
CFG_00729,INT_005,2023-01-04 12:21:05,2023-01-04 12:22:35,red,90
CFG_00730,INT_004,2023-01-06 03:23:00,2023-01-06 03:24:00,green,60
CFG_00731,INT_004,2023-01-06 03:24:00,2023-01-06 03:24:05,yellow,5
CFG_00732,INT_004,2023-01-06 03:24:05,2023-01-06 03:25:35,red,90
CFG_00733,INT_010,2023-01-08 03:39:00,2023-01-08 03:40:00,green,60
CFG_00734,INT_010,2023-01-08 03:40:00,2023-01-08 03:40:05,yellow,5
CFG_00735,INT_010,2023-01-08 03:40:05,2023-01-08 03:41:35,red,90
CFG_00736,INT_006,2023-01-06 12:58:00,2023-01-06 12:59:00,green,60
CFG_00737,INT_006,2023-01-06 12:59:00,2023-01-06 12:59:05,yellow,5
CFG_00738,INT_006,2023-01-06 12:59:05,2023-01-06 13:00:35,red,90
CFG_00739,INT_008,2023-01-06 06:44:00,2023-01-06 06:45:00,green,60
CFG_00740,INT_008,2023-01-06 06:45:00,2023-01-06 06:45:05,yellow,5
CFG_00741,INT_008,2023-01-06 06:45:05,2023-01-06 06:46:35,red,90
CFG_00742,INT_004,2023-01-07 01:35:00,2023-01-07 01:36:00,green,60
CFG_00743,INT_004,2023-01-07 01:36:00,2023-01-07 01:36:05,yellow,5
CFG_00744,INT_004,2023-01-07 01:36:05,2023-01-07 01:37:35,red,90
CFG_00745,INT_008,2023-01-03 04:20:00,2023-01-03 04:21:00,green,60
CFG_00746,INT_008,2023-01-03 04:21:00,2023-01-03 04:21:05,yellow,5
CFG_00747,INT_008,2023-01-03 04:21:05,2023-01-03 04:22:35,red,90
CFG_00748,INT_002,2023-01-04 11:29:00,2023-01-04 11:30:00,green,60
CFG_00749,INT_002,2023-01-04 11:30:00,2023-01-04 11:30:05,yellow,5
CFG_00750,INT_002,2023-01-04 11:30:05,2023-01-04 11:31:35,red,90
CFG_00751,INT_009,2023-01-05 01:31:00,2023-01-05 01:32:00,green,60
CFG_00752,INT_009,2023-01-05 01:32:00,2023-01-05 01:32:05,yellow,5
CFG_00753,INT_009,2023-01-05 01:32:05,2023-01-05 01:33:35,red,90
CFG_00754,INT_002,2023-01-03 22:08:00,2023-01-03 22:09:00,green,60
CFG_00755,INT_002,2023-01-03 22:09:00,2023-01-03 22:09:05,yellow,5
CFG_00756,INT_002,2023-01-03 22:09:05,2023-01-03 22:10:35,red,90
CFG_00757,INT_005,2023-01-03 19:20:00,2023-01-03 19:21:00,green,60
CFG_00758,INT_005,2023-01-03 19:21:00,2023-01-03 19:21:05,yellow,5
CFG_00759,INT_005,2023-01-03 19:21:05,2023-01-03 19:22:35,red,90
CFG_00760,INT_004,2023-01-02 22:14:00,2023-01-02 22:15:00,green,60
CFG_00761,INT_004,2023-01-02 22:15:00,2023-01-02 22:15:05,yellow,5
CFG_00762,INT_004,2023-01-02 22:15:05,2023-01-02 22:16:35,red,90
CFG_00763,INT_001,2023-01-01 18:37:00,2023-01-01 18:38:00,green,60
CFG_00764,INT_001,2023-01-01 18:38:00,2023-01-01 18:38:05,yellow,5
CFG_00765,INT_001,2023-01-01 18:38:05,2023-01-01 18:39:35,red,90
CFG_00766,INT_004,2023-01-06 15:44:00,2023-01-06 15:45:00,green,60
CFG_00767,INT_004,2023-01-06 15:45:00,2023-01-06 15:45:05,yellow,5
CFG_00768,INT_004,2023-01-06 15:45:05,2023-01-06 15:46:35,red,90
CFG_00769,INT_010,2023-01-02 01:53:00,2023-01-02 01:54:00,green,60
CFG_00770,INT_010,2023-01-02 01:54:00,2023-01-02 01:54:05,yellow,5
CFG_00771,INT_010,2023-01-02 01:54:05,2023-01-02 01:55:35,red,90
CFG_00772,INT_008,2023-01-05 23:10:00,2023-01-05 23:11:00,green,60
CFG_00773,INT_008,2023-01-05 23:11:00,2023-01-05 23:11:05,yellow,5
CFG_00774,INT_008,2023-01-05 23:11:05,2023-01-05 23:12:35,red,90
CFG_00775,INT_010,2023-01-03 11:05:00,2023-01-03 11:06:00,green,60
CFG_00776,INT_010,2023-01-03 11:06:00,2023-01-03 11:06:05,yellow,5
CFG_00777,INT_010,2023-01-03 11:06:05,2023-01-03 11:07:35,red,90
CFG_00778,INT_007,2023-01-06 20:59:00,2023-01-06 21:00:00,green,60
CFG_00779,INT_007,2023-01-06 21:00:00,2023-01-06 21:00:05,yellow,5
CFG_00780,INT_007,2023-01-06 21:00:05,2023-01-06 21:01:35,red,90
CFG_00781,INT_007,2023-01-04 00:37:00,2023-01-04 00:38:00,green,60
CFG_00782,INT_007,2023-01-04 00:38:00,2023-01-04 00:38:05,yellow,5
CFG_00783,INT_007,2023-01-04 00:38:05,2023-01-04 00:39:35,red,90
CFG_00784,INT_003,2023-01-01 07:30:00,2023-01-01 07:31:00,green,60
CFG_00785,INT_003,2023-01-01 07:31:00,2023-01-01 07:31:05,yellow,5
CFG_00786,INT_003,2023-01-01 07:31:05,2023-01-01 07:32:35,red,90
CFG_00787,INT_002,2023-01-06 02:05:00,2023-01-06 02:06:00,green,60
CFG_00788,INT_002,2023-01-06 02:06:00,2023-01-06 02:06:05,yellow,5
CFG_00789,INT_002,2023-01-06 02:06:05,2023-01-06 02:07:35,red,90
CFG_00790,INT_004,2023-01-03 06:01:00,2023-01-03 06:02:00,green,60
CFG_00791,INT_004,2023-01-03 06:02:00,2023-01-03 06:02:05,yellow,5
CFG_00792,INT_004,2023-01-03 06:02:05,2023-01-03 06:03:35,red,90
CFG_00793,INT_009,2023-01-06 12:51:00,2023-01-06 12:52:00,green,60
CFG_00794,INT_009,2023-01-06 12:52:00,2023-01-06 12:52:05,yellow,5
CFG_00795,INT_009,2023-01-06 12:52:05,2023-01-06 12:53:35,red,90
CFG_00796,INT_001,2023-01-07 14:12:00,2023-01-07 14:13:00,green,60
CFG_00797,INT_001,2023-01-07 14:13:00,2023-01-07 14:13:05,yellow,5
CFG_00798,INT_001,2023-01-07 14:13:05,2023-01-07 14:14:35,red,90
CFG_00799,INT_004,2023-01-02 15:08:00,2023-01-02 15:09:00,green,60
CFG_00800,INT_004,2023-01-02 15:09:00,2023-01-02 15:09:05,yellow,5
CFG_00801,INT_004,2023-01-02 15:09:05,2023-01-02 15:10:35,red,90
CFG_00802,INT_008,2023-01-02 18:24:00,2023-01-02 18:25:00,green,60
CFG_00803,INT_008,2023-01-02 18:25:00,2023-01-02 18:25:05,yellow,5
CFG_00804,INT_008,2023-01-02 18:25:05,2023-01-02 18:26:35,red,90
CFG_00805,INT_008,2023-01-07 07:02:00,2023-01-07 07:03:00,green,60
CFG_00806,INT_008,2023-01-07 07:03:00,2023-01-07 07:03:05,yellow,5
CFG_00807,INT_008,2023-01-07 07:03:05,2023-01-07 07:04:35,red,90
CFG_00808,INT_009,2023-01-08 00:35:00,2023-01-08 00:36:00,green,60
CFG_00809,INT_009,2023-01-08 00:36:00,2023-01-08 00:36:05,yellow,5
CFG_00810,INT_009,2023-01-08 00:36:05,2023-01-08 00:37:35,red,90
CFG_00811,INT_006,2023-01-06 06:51:00,2023-01-06 06:52:00,green,60
CFG_00812,INT_006,2023-01-06 06:52:00,2023-01-06 06:52:05,yellow,5
CFG_00813,INT_006,2023-01-06 06:52:05,2023-01-06 06:53:35,red,90
CFG_00814,INT_010,2023-01-06 23:50:00,2023-01-06 23:51:00,green,60
CFG_00815,INT_010,2023-01-06 23:51:00,2023-01-06 23:51:05,yellow,5
CFG_00816,INT_010,2023-01-06 23:51:05,2023-01-06 23:52:35,red,90
CFG_00817,INT_007,2023-01-07 11:36:00,2023-01-07 11:37:00,green,60
CFG_00818,INT_007,2023-01-07 11:37:00,2023-01-07 11:37:05,yellow,5
CFG_00819,INT_007,2023-01-07 11:37:05,2023-01-07 11:38:35,red,90
CFG_00820,INT_008,2023-01-03 01:27:00,2023-01-03 01:28:00,green,60
CFG_00821,INT_008,2023-01-03 01:28:00,2023-01-03 01:28:05,yellow,5
CFG_00822,INT_008,2023-01-03 01:28:05,2023-01-03 01:29:35,red,90
CFG_00823,INT_008,2023-01-06 08:53:00,2023-01-06 08:54:00,green,60
CFG_00824,INT_008,2023-01-06 08:54:00,2023-01-06 08:54:05,yellow,5
CFG_00825,INT_008,2023-01-06 08:54:05,2023-01-06 08:55:35,red,90
CFG_00826,INT_005,2023-01-04 01:30:00,2023-01-04 01:31:00,green,60
CFG_00827,INT_005,2023-01-04 01:31:00,2023-01-04 01:31:05,yellow,5
CFG_00828,INT_005,2023-01-04 01:31:05,2023-01-04 01:32:35,red,90
CFG_00829,INT_005,2023-01-07 04:20:00,2023-01-07 04:21:00,green,60
CFG_00830,INT_005,2023-01-07 04:21:00,2023-01-07 04:21:05,yellow,5
CFG_00831,INT_005,2023-01-07 04:21:05,2023-01-07 04:22:35,red,90
CFG_00832,INT_008,2023-01-03 23:19:00,2023-01-03 23:20:00,green,60
CFG_00833,INT_008,2023-01-03 23:20:00,2023-01-03 23:20:05,yellow,5
CFG_00834,INT_008,2023-01-03 23:20:05,2023-01-03 23:21:35,red,90
CFG_00835,INT_005,2023-01-06 06:06:00,2023-01-06 06:07:00,green,60
CFG_00836,INT_005,2023-01-06 06:07:00,2023-01-06 06:07:05,yellow,5
CFG_00837,INT_005,2023-01-06 06:07:05,2023-01-06 06:08:35,red,90
CFG_00838,INT_002,2023-01-04 12:01:00,2023-01-04 12:02:00,green,60
CFG_00839,INT_002,2023-01-04 12:02:00,2023-01-04 12:02:05,yellow,5
CFG_00840,INT_002,2023-01-04 12:02:05,2023-01-04 12:03:35,red,90
CFG_00841,INT_004,2023-01-04 08:11:00,2023-01-04 08:12:00,green,60
CFG_00842,INT_004,2023-01-04 08:12:00,2023-01-04 08:12:05,yellow,5
CFG_00843,INT_004,2023-01-04 08:12:05,2023-01-04 08:13:35,red,90
CFG_00844,INT_006,2023-01-04 21:18:00,2023-01-04 21:19:00,green,60
CFG_00845,INT_006,2023-01-04 21:19:00,2023-01-04 21:19:05,yellow,5
CFG_00846,INT_006,2023-01-04 21:19:05,2023-01-04 21:20:35,red,90
CFG_00847,INT_009,2023-01-02 04:00:00,2023-01-02 04:01:00,green,60
CFG_00848,INT_009,2023-01-02 04:01:00,2023-01-02 04:01:05,yellow,5
CFG_00849,INT_009,2023-01-02 04:01:05,2023-01-02 04:02:35,red,90
CFG_00850,INT_003,2023-01-02 23:11:00,2023-01-02 23:12:00,green,60
CFG_00851,INT_003,2023-01-02 23:12:00,2023-01-02 23:12:05,yellow,5
CFG_00852,INT_003,2023-01-02 23:12:05,2023-01-02 23:13:35,red,90
CFG_00853,INT_004,2023-01-05 14:35:00,2023-01-05 14:36:00,green,60
CFG_00854,INT_004,2023-01-05 14:36:00,2023-01-05 14:36:05,yellow,5
CFG_00855,INT_004,2023-01-05 14:36:05,2023-01-05 14:37:35,red,90
CFG_00856,INT_003,2023-01-03 16:25:00,2023-01-03 16:26:00,green,60
CFG_00857,INT_003,2023-01-03 16:26:00,2023-01-03 16:26:05,yellow,5
CFG_00858,INT_003,2023-01-03 16:26:05,2023-01-03 16:27:35,red,90
CFG_00859,INT_002,2023-01-05 23:17:00,2023-01-05 23:18:00,green,60
CFG_00860,INT_002,2023-01-05 23:18:00,2023-01-05 23:18:05,yellow,5
CFG_00861,INT_002,2023-01-05 23:18:05,2023-01-05 23:19:35,red,90
CFG_00862,INT_007,2023-01-05 00:21:00,2023-01-05 00:22:00,green,60
CFG_00863,INT_007,2023-01-05 00:22:00,2023-01-05 00:22:05,yellow,5
CFG_00864,INT_007,2023-01-05 00:22:05,2023-01-05 00:23:35,red,90
CFG_00865,INT_009,2023-01-06 13:13:00,2023-01-06 13:14:00,green,60
CFG_00866,INT_009,2023-01-06 13:14:00,2023-01-06 13:14:05,yellow,5
CFG_00867,INT_009,2023-01-06 13:14:05,2023-01-06 13:15:35,red,90
CFG_00868,INT_007,2023-01-01 23:00:00,2023-01-01 23:01:00,green,60
CFG_00869,INT_007,2023-01-01 23:01:00,2023-01-01 23:01:05,yellow,5
CFG_00870,INT_007,2023-01-01 23:01:05,2023-01-01 23:02:35,red,90
CFG_00871,INT_004,2023-01-06 00:43:00,2023-01-06 00:44:00,green,60
CFG_00872,INT_004,2023-01-06 00:44:00,2023-01-06 00:44:05,yellow,5
CFG_00873,INT_004,2023-01-06 00:44:05,2023-01-06 00:45:35,red,90
CFG_00874,INT_007,2023-01-07 21:29:00,2023-01-07 21:30:00,green,60
CFG_00875,INT_007,2023-01-07 21:30:00,2023-01-07 21:30:05,yellow,5
CFG_00876,INT_007,2023-01-07 21:30:05,2023-01-07 21:31:35,red,90
CFG_00877,INT_001,2023-01-07 19:12:00,2023-01-07 19:13:00,green,60
CFG_00878,INT_001,2023-01-07 19:13:00,2023-01-07 19:13:05,yellow,5
CFG_00879,INT_001,2023-01-07 19:13:05,2023-01-07 19:14:35,red,90
CFG_00880,INT_007,2023-01-06 16:14:00,2023-01-06 16:15:00,green,60
CFG_00881,INT_007,2023-01-06 16:15:00,2023-01-06 16:15:05,yellow,5
CFG_00882,INT_007,2023-01-06 16:15:05,2023-01-06 16:16:35,red,90
CFG_00883,INT_001,2023-01-05 06:03:00,2023-01-05 06:04:00,green,60
CFG_00884,INT_001,2023-01-05 06:04:00,2023-01-05 06:04:05,yellow,5
CFG_00885,INT_001,2023-01-05 06:04:05,2023-01-05 06:05:35,red,90
CFG_00886,INT_005,2023-01-05 16:29:00,2023-01-05 16:30:00,green,60
CFG_00887,INT_005,2023-01-05 16:30:00,2023-01-05 16:30:05,yellow,5
CFG_00888,INT_005,2023-01-05 16:30:05,2023-01-05 16:31:35,red,90
CFG_00889,INT_007,2023-01-07 08:58:00,2023-01-07 08:59:00,green,60
CFG_00890,INT_007,2023-01-07 08:59:00,2023-01-07 08:59:05,yellow,5
CFG_00891,INT_007,2023-01-07 08:59:05,2023-01-07 09:00:35,red,90
CFG_00892,INT_009,2023-01-08 02:43:00,2023-01-08 02:44:00,green,60
CFG_00893,INT_009,2023-01-08 02:44:00,2023-01-08 02:44:05,yellow,5
CFG_00894,INT_009,2023-01-08 02:44:05,2023-01-08 02:45:35,red,90
CFG_00895,INT_004,2023-01-06 19:19:00,2023-01-06 19:20:00,green,60
CFG_00896,INT_004,2023-01-06 19:20:00,2023-01-06 19:20:05,yellow,5
CFG_00897,INT_004,2023-01-06 19:20:05,2023-01-06 19:21:35,red,90
CFG_00898,INT_004,2023-01-04 08:31:00,2023-01-04 08:32:00,green,60
CFG_00899,INT_004,2023-01-04 08:32:00,2023-01-04 08:32:05,yellow,5
CFG_00900,INT_004,2023-01-04 08:32:05,2023-01-04 08:33:35,red,90
